{"cameraMode":{"drawMode":0,"name":"Shaded","section":"Shading Mode"},"sceneLighting":true,"audioPlay":false,"sceneViewState":{"showFog":true,"showMaterialUpdate":false,"showSkybox":true,"showFlares":true,"showImageEffects":true,"showParticleSystems":true},"in2DMode":false,"pivot":{"x":0.0,"y":0.9999942779541016,"z":89.32926177978516},"rotation":{"x":0.04213894531130791,"y":-0.9578534364700317,"z":0.19880755245685578,"w":0.20303012430667878},"size":117.85360717773438,"orthographic":true}